{
	"class_name" : "PinholeCameraParameters",
	"extrinsic" : 
	[
		0.78899709578877997,
		0.018271189433406939,
		0.61412518794913429,
		0.0,
		0.34030410242268566,
		-0.84522222082369014,
		-0.41205887358502491,
		0.0,
		0.51154344948514519,
		0.53410257541277384,
		-0.67309563824636476,
		0.0,
		0.22708274255435143,
		0.29956849907767968,
		-0.20604639186047741,
		1.0
	],
	"intrinsic" : 
	{
		"height" : 836,
		"intrinsic_matrix" : 
		[
			723.9972375637908,
			0.0,
			0.0,
			0.0,
			723.9972375637908,
			0.0,
			719.5,
			417.5,
			1.0
		],
		"width" : 1440
	},
	"version_major" : 1,
	"version_minor" : 0
}